Name, Processor, RAM, Operating System, Display, Price 
Asus APU Quad Core E2 - (4 GB/1 TB HDD/Windows 10 Home) X540YA-XO290T Laptop,AMD APU Quad Core E2 Processor,4 GB DDR3 RAM,64 bit Windows 10 Operating System,15.6 inch Display,19990,
HP Imprint Core i3 6th Gen - (4 GB/1 TB HDD/DOS) 15Q-BU007TU Laptop,Intel Core i3 Processor (6th Gen),4 GB DDR4 RAM,DOS Operating System,15.6 inch Display,27490,
Acer Switch One Atom Quad Core - (2 GB/32 GB EMMC Storage/Windows 10 Home) SW110-1CT 2 in 1 Laptop,Intel Atom Quad Core Processor,2 GB DDR3 RAM,64 bit Windows 10 Operating System,10.1 inch Touchscreen Display,11990,
Lenovo Core i5 7th Gen - (8 GB/1 TB HDD/DOS/2 GB Graphics) IP 320E Laptop,Intel Core i5 Processor (7th Gen),8 GB DDR4 RAM,DOS Operating System,15.6 inch Display,41990,
Lenovo Ideapad Core i3 6th Gen - (4 GB/1 TB HDD/DOS) IP 320E-15ISK Laptop,Intel Core i3 Processor (6th Gen),4 GB DDR4 RAM,DOS Operating System,15.6 inch Display,26490,
Acer Aspire 3 Celeron Dual Core - (2 GB/500 GB HDD/Linux) A315-31 Laptop,Intel Celeron Dual Core Processor,2 GB DDR3 RAM,Linux/Ubuntu Operating System,15.6 inch Display,15990,
HP Imprint Pentium Quad Core - (4 GB/1 TB HDD/DOS) 15Q-BU009TU Laptop,Intel Pentium Quad Core Processor,4 GB DDR3 RAM,DOS Operating System,15.6 inch Display,21990,
Apple MacBook Air Core i5 5th Gen - (8 GB/128 GB SSD/Mac OS Sierra) MQD32HN/A A1466,Intel Core i5 Processor (5th Gen),8 GB DDR3 RAM,64 bit Mac OS Operating System,13.3 inch Display,56990,
Lenovo Ideapad Core i5 7th Gen - (8 GB/1 TB HDD/Windows 10 Home/2 GB Graphics) IP 310-14IKB Laptop,Intel Core i5 Processor (7th Gen),8 GB DDR4 RAM,64 bit Windows 10 Operating System,14 inch Display,42990,
HP APU Quad Core A8 - (4 GB/1 TB HDD/Windows 10 Home) 15-BG004AU Laptop,AMD APU Quad Core A8 Processor,4 GB DDR3 RAM,64 bit Windows 10 Operating System,15.6 inch Display,25490,
MSI CX Series Core i5 7th Gen - (4 GB/1 TB HDD/DOS/2 GB Graphics) CX62 7QL-239XIN Gaming Laptop,Intel Core i5 Processor (7th Gen),4 GB DDR4 RAM,DOS Operating System,15.6 inch Display,33990,
Dell Inspiron Pentium Quad Core - (4 GB/500 GB HDD/Ubuntu) 3552 Notebook,Intel Pentium Quad Core Processor,4 GB DDR3 RAM,Linux/Ubuntu Operating System,15.6 inch Display,21975,
HP Imprint Core i5 7th Gen - (8 GB/1 TB HDD/DOS/2 GB Graphics) 15q-BU011TX Laptop,Intel Core i5 Processor (7th Gen),8 GB DDR4 RAM,DOS Operating System,15.6 inch Display,42990,
HP Imprint Core i3 6th Gen - (8 GB/1 TB HDD/DOS) 15Q-BU006TU Laptop,Intel Core i3 Processor (6th Gen),8 GB DDR4 RAM,DOS Operating System,15.6 inch Display,31990,
Dell Inspiron Core i3 6th Gen - (4 GB/1 TB HDD/Linux) 3467 Laptop,Intel Core i3 Processor (6th Gen),4 GB DDR4 RAM,Linux/Ubuntu Operating System,14 inch Display,27490,
Lenovo Core i3 6th Gen - (4 GB/1 TB HDD/Windows 10 Home) IP 320E Laptop,Intel Core i3 Processor (6th Gen),4 GB DDR4 RAM,64 bit Windows 10 Operating System,15.6 inch Display,31990,
Dell Inspiron Core i3 6th Gen - (4 GB/1 TB HDD/Windows 10 Home) 3467 Laptop,Intel Core i3 Processor (6th Gen),4 GB DDR4 RAM,64 bit Windows 10 Operating System,14 inch Display,33990,
Lenovo Legion Core i5 7th Gen - (8 GB/1 TB HDD/128 GB SSD/Windows 10 Home/4 GB Graphics) LN Y520-15IKB...,Intel Core i5 Processor (7th Gen),8 GB DDR4 RAM,64 bit Windows 10 Operating System,15.6 inch Display,72990,
Lenovo APU Dual Core E2 7th Gen - (4 GB/1 TB HDD/DOS) IP 320E Laptop,AMD APU Dual Core E2 Processor (7th Gen),4 GB DDR4 RAM,DOS Operating System,15.6 inch Display,18890,
Dell Vostro 3000 Core i5 7th Gen - (8 GB/1 TB HDD/Ubuntu/2 GB Graphics) 3568 Laptop,Intel Core i5 Processor (7th Gen),8 GB DDR4 RAM,64 bit Linux/Ubuntu Operating System,15.6 inch Display,42990,
Lenovo APU Dual Core A6 7th Gen - (4 GB/1 TB HDD/DOS) IP 320E Notebook,AMD APU Dual Core A6 Processor (7th Gen),4 GB DDR4 RAM,DOS Operating System,15.6 inch Display,19990,
Lenovo Pentium Quad Core - (4 GB/500 GB HDD/Windows 10 Home) IP 110 Laptop,Intel Pentium Quad Core Processor,4 GB DDR3 RAM,64 bit Windows 10 Operating System,15.6 inch Display,22990,
HP Core i3 6th Gen - (4 GB/1 TB HDD/DOS) 15-BE012TU Laptop,Intel Core i3 Processor (6th Gen),4 GB DDR4 RAM,64 bit DOS Operating System,15.6 inch Display,31041,
Lenovo Ideapad Core i3 6th Gen - (4 GB/1 TB HDD/DOS/2 GB Graphics) IP 320 Laptop,Intel Core i3 Processor (6th Gen),4 GB DDR4 RAM,DOS Operating System,15.6 inch Display,31490,
Lenovo Core i7 7th Gen - (8 GB/1 TB HDD/Windows 10 Home/4 GB Graphics) IP 520 Laptop,Intel Core i7 Processor (7th Gen),8 GB DDR4 RAM,64 bit Windows 10 Operating System,15.6 inch Display,64990,
Dell 5000 Core i5 7th Gen - (8 GB/1 TB HDD/Windows 10 Home/4 GB Graphics) 5577 Gaming Laptop,Intel Core i5 Processor (7th Gen),8 GB DDR4 RAM,64 bit Windows 10 Operating System,15.6 inch Display,69990,
Acer E1 APU Dual Core E1 7th Gen - (4 GB/1 TB HDD/Linux) ASpire Laptop,AMD APU Dual Core E1 Processor (7th Gen),4 GB DDR3 RAM,64 bit Linux/Ubuntu Operating System,15.6 inch Display,18899,
HP Imprint APU Dual Core E2 - (4 GB/500 GB HDD/DOS) 15Q-BY001AU Laptop,AMD APU Dual Core E2 Processor,4 GB DDR4 RAM,DOS Operating System,15.6 inch Display,19990,
Dell Inspiron Core i5 7th Gen - (4 GB/1 TB HDD/Windows 10 Home/2 GB Graphics) 3567 Notebook,Intel Core i5 Processor (7th Gen),4 GB DDR4 RAM,64 bit Windows 10 Operating System,15.6 inch Display,43990,
Microsoft Surface Pro 4 Core i5 6th Gen - (4 GB/128 GB SSD/Windows 10 Pro) 1724 2 in 1 Laptop,Intel Core i5 Processor (6th Gen),4 GB DDR3 RAM,64 bit Windows 10 Operating System,12.3 Inch Touchscreen Display,60490,
Dell 5000 Core i7 7th Gen - (8 GB/1 TB HDD/128 GB SSD/Windows 10 Home/4 GB Graphics) 5577 Gaming Lapto...,Intel Core i7 Processor (7th Gen),8 GB DDR4 RAM,64 bit Windows 10 Operating System,15.6 inch Display,81490,
Dell Inspiron Core i3 6th Gen - (4 GB/1 TB HDD/Linux) 5559 Laptop,Intel Core i3 Processor (6th Gen),4 GB DDR3 RAM,Linux/Ubuntu Operating System,15.6 inch Display,29990,
Lenovo Ideapad Core i3 6th Gen - (8 GB/1 TB HDD/Windows 10 Home/2 GB Graphics) IP 320 Laptop,Intel Core i3 Processor (6th Gen),8 GB DDR4 RAM,64 bit Windows 10 Operating System,15.6 inch Display,38990,
Asus Core i3 6th Gen - (4 GB/1 TB HDD/Windows 10 Home) X541UA-DM1233T Laptop,Intel Core i3 Processor (6th Gen),4 GB DDR4 RAM,64 bit Windows 10 Operating System,15.6 inch Display,29990,
Acer Pentium Quad Core - (4 GB/500 GB HDD/Windows 10 Home) One 14 Laptop,Intel Pentium Quad Core Processor,4 GB DDR3 RAM,Windows 10 Operating System,14 inch Display,21990,
Lenovo Ideapad 310 Core i5 7th Gen - (4 GB/1 TB HDD/Windows 10 Home/2 GB Graphics) IP 310-15IKB Laptop,Intel Core i5 Processor (7th Gen),4 GB DDR4 RAM,64 bit Windows 10 Operating System,15.6 inch Display,42990,
Acer Predator Helios 300 Core i7 7th Gen - (16 GB/2 TB HDD/256 GB SSD/Windows 10 Home/6 GB Graphics) G...,Intel Core i7 Processor (7th Gen),16 GB DDR4 RAM,64 bit Windows 10 Operating System,15.6 inch Display,120990,
Acer Aspire Pentium Quad Core - (4 GB/1 TB HDD/Linux) ES1-533 Laptop,Intel Pentium Quad Core Processor,4 GB DDR3 RAM,Linux/Ubuntu Operating System,15.6 inch Display,20990,
Acer Aspire 3 Celeron Dual Core - (4 GB/500 GB HDD/Windows 10 Home) A315-31 Laptop,Intel Celeron Dual Core Processor,4 GB DDR3 RAM,64 bit Windows 10 Operating System,15.6 inch Display,20499,
Acer Core i5 7th Gen - (8 GB/1 TB HDD/Linux) E5 - 575 Laptop,Intel Core i5 Processor (7th Gen),8 GB DDR4 RAM,Linux/Ubuntu Operating System,15.6 inch Display,35990,
Dell Inspiron APU Dual Core E2 - (4 GB/500 GB HDD/Linux) 3565 Laptop,AMD APU Dual Core E2 Processor,4 GB DDR4 RAM,Linux/Ubuntu Operating System,15.6 inch Display,20990,
Microsoft Surface Pro 4 Core m3 6th Gen - (4 GB/128 GB SSD/Windows 10 Home) 1724 2 in 1 Laptop,Intel Core m3 Processor (6th Gen),4 GB DDR3 RAM,64 bit Windows 10 Operating System,12.3 inch Touchscreen Display,49990,
Acer Aspire VX Core i7 7th Gen - (8 GB/1 TB HDD/128 GB SSD/Windows 10 Home/4 GB Graphics) VX 15 Gaming...,Intel Core i7 Processor (7th Gen),8 GB DDR4 RAM,64 bit Windows 10 Operating System,15.6 inch Display,87999,
Micromax Atom Quad Core - (2 GB/32 GB EMMC Storage/Windows 10 Home) Canvas L1160 Laptop,Intel Atom Quad Core Processor,2 GB DDR3 RAM,32 bit Windows 10 Operating System,11.6 inch Display,10999,
Lenovo Core i5 7th Gen - (8 GB/256 GB SSD/Windows 10 Home) IP 520S Laptop,Intel Core i5 Processor (7th Gen),8 GB DDR4 RAM,64 bit Windows 10 Operating System,14.1 inch Display,63990,
Acer Aspire R11 Pentium Quad Core - (4 GB/500 GB HDD/Windows 10 Home) R3-131T-P9J9/r3-131t-p71c 2 in 1...,Intel Pentium Quad Core Processor,4 GB DDR3 RAM,64 bit Windows 10 Operating System,11.6 inch Touchscreen Display,25990,
Dell Inspiron APU Dual Core A6 7th Gen - (4 GB/500 GB HDD/Ubuntu) 3565 Laptop,AMD APU Dual Core A6 Processor (7th Gen),4 GB DDR4 RAM,Linux/Ubuntu Operating System,15.6 inch Display,21990,
Lenovo Ideapad Core i5 7th Gen - (8 GB/1 TB HDD/Windows 10 Home/2 GB Graphics) IP 320 Laptop,Intel Core i5 Processor (7th Gen),8 GB DDR4 RAM,64 bit Windows 10 Operating System,15.6 inch Display,45990,
Acer Aspire 3 Core i3 6th Gen - (4 GB/500 GB HDD/Linux) A315-51 Notebook,Intel Core i3 Processor (6th Gen),4 GB DDR4 RAM,Linux/Ubuntu Operating System,15.6 inch Display,25990,
Lenovo Core i7 7th Gen - (16 GB/2 TB HDD/Windows 10 Home/4 GB Graphics) IP 520 Laptop,Intel Core i7 Processor (7th Gen),16 GB DDR4 RAM,64 bit Windows 10 Operating System,15.6 inch Display,78990,
HP x360 Core i3 7th Gen - (4 GB/1 TB HDD/8 GB SSD/Windows 10 Home/2 GB Graphics) 14-ba075TX 2 in 1 Lap...,Intel Core i3 Processor (7th Gen),4 GB DDR4 RAM,64 bit Windows 10 Operating System,14 inch Touchscreen Display,54290,
HP BS Core i3 6th Gen - (4 GB/1 TB HDD/128 GB EMMC Storage/Windows 10 Home) 15-BS 617 TU Laptop,Intel Core i3 Processor (6th Gen),4 GB DDR4 RAM,64 bit Windows 10 Operating System,15.6 inch Display,33379,
HP Imprint Core i3 6th Gen - (4 GB/1 TB HDD/Windows 10 Home) 15Q-bu013TU Laptop,Intel Core i3 Processor (6th Gen),4 GB DDR4 RAM,64 bit Windows 10 Operating System,15.6 inch Display,32990,
Acer ES 15 Core i3 6th Gen - (4 GB/500 GB HDD/Linux) ES1-572-33M8 Laptop,Intel Core i3 Processor (6th Gen),4 GB DDR4 RAM,64 bit Linux/Ubuntu Operating System,15.6 inch Display,25990,
Lenovo Core i5 7th Gen - (8 GB/1 TB HDD/Windows 10 Home/2 GB Graphics) Ideapad 510 Laptop,Intel Core i5 Processor (7th Gen),8 GB DDR4 RAM,64 bit Windows 10 Operating System,15.6 inch Display,50990,
Lenovo Core i5 7th Gen - (16 GB/2 TB HDD/Windows 10 Home/4 GB Graphics) IP 520 Laptop,Intel Core i5 Processor (7th Gen),16 GB DDR4 RAM,64 bit Windows 10 Operating System,15.6 inch Display,63990,
Acer Aspire 5 Core i5 7th Gen - (8 GB/1 TB HDD/Linux/2 GB Graphics) A515-51G Laptop,Intel Core i5 Processor (7th Gen),8 GB DDR4 RAM,Linux/Ubuntu Operating System,15.6 inch Display,38990,
Acer Spin 1 Pentium Quad Core - (4 GB/500 GB HDD/Windows 10 Home) SP111-31 2 in 1 Laptop,Intel Pentium Quad Core Processor,4 GB DDR3 RAM,64 bit Windows 10 Operating System,11.6 inch Touchscreen Display,28990,
Apple MacBook Air Core i5 5th Gen - (8 GB/256 GB SSD/Mac OS Sierra) MQD42HN/A,Intel Core i5 Processor (5th Gen),8 GB DDR3 RAM,64 bit Mac OS Operating System,13.3 inch Display,92500,
RDP ThinBook Atom Quad Core 7th Gen - (2 GB/32 GB EMMC Storage/Windows 10) 1110 2 in 1 Laptop,Intel Atom Quad Core Processor (7th Gen),2 GB DDR3 RAM,32 bit Windows 10 Operating System,11.6 inch Touchscreen Display,13499,
HP Core i5 6th Gen - (4 GB/1 TB HDD/DOS/2 GB Graphics) 15-be015TX Laptop,Intel Core i5 Processor (6th Gen),4 GB DDR4 RAM,DOS Operating System,15.6 inch Display,40990,
Dell Inspiron 15 5000 Core i5 8th Gen - (8 GB/2 TB HDD/Windows 10 Home/4 GB Graphics) 5570 Laptop,Intel Core i5 Processor (8th Gen),8 GB DDR4 RAM,64 bit Windows 10 Operating System,15.6 inch Display,62990,
HP Core i3 5th Gen - (4 GB/1 TB HDD/DOS) 15-AC122TU Laptop,Intel Core i3 Processor (5th Gen),4 GB DDR3 RAM,64 bit DOS Operating System,15.6 inch Display,28490,
Lenovo Core i5 7th Gen - (4 GB/1 TB HDD/Windows 10 Home) Yoga 520 2 in 1 Laptop,Intel Core i5 Processor (7th Gen),4 GB DDR4 RAM,64 bit Windows 10 Operating System,14 inch Touchscreen Display,58990,
Dell Inspiron 15 5000 Core i5 8th Gen - (8 GB/2 TB HDD/Windows 10 Home/4 GB Graphics) 5570 Laptop,Intel Core i5 Processor (8th Gen),8 GB DDR4 RAM,64 bit Windows 10 Operating System,15.6 inch Display,62990,
Acer Aspire 3 APU Dual Core A4 - (4 GB/1 TB HDD/Windows 10 Home) A315-21 Laptop,AMD APU Dual Core A4 Processor,4 GB DDR4 RAM,64 bit Windows 10 Operating System,15.6 inch Display,24999,
Dell Inspiron 15 3000 Series Core i5 7th Gen - (4 GB/1 TB HDD/Ubuntu/2 GB Graphics) 3567 Laptop,Intel Core i5 Processor (7th Gen),4 GB DDR4 RAM,Linux/Ubuntu Operating System,15.6 inch Display,38990,
HP A Core i3 6th Gen - (4 GB/1 TB HDD/Windows 10 Home) AM519tu Laptop,Intel Core i3 Processor (6th Gen),4 GB DDR4 RAM,64 bit Windows 10 Operating System,14 inch Display,33890,
Dell Inspiron 15 5000 Core i5 8th Gen - (8 GB/1 TB HDD/Windows 10 Home/2 GB Graphics) 5570 Laptop,Intel Core i5 Processor (8th Gen),8 GB DDR4 RAM,64 bit Windows 10 Operating System,15.6 inch Display,57990,
HP Pentium Quad Core - (4 GB/1 TB HDD/DOS) 15-BE010TU Laptop,Intel Pentium Quad Core Processor,4 GB DDR3 RAM,DOS Operating System,15.6 inch Display,22985,
HP Core i7 7th Gen - (16 GB/2 TB HDD/Windows 10 Home/4 GB Graphics) 15-au627tx Laptop,Intel Core i7 Processor (7th Gen),16 GB DDR4 RAM,64 bit Windows 10 Operating System,15.6 inch Display,90073,
MSI P Core i7 7th Gen - (16 GB/1 TB HDD/DOS/4 GB Graphics) PE62 7RD Gaming Laptop,Intel Core i7 Processor (7th Gen),16 GB DDR4 RAM,DOS Operating System,15.6 inch Display,83990,
Lenovo Ideapad Core i5 7th Gen - (8 GB/1 TB HDD/128 GB SSD/Windows 10 Home) IP 520S Laptop,Intel Core i5 Processor (7th Gen),8 GB DDR4 RAM,64 bit Windows 10 Operating System,14 inch Display,57990,
Acer Aspire ES APU Dual Core A4 1st Gen - (4 GB/1 TB HDD/Linux) ES1-521-40L7 Laptop,AMD APU Dual Core A4 Processor (1st Gen),4 GB DDR3 RAM,64 bit Linux/Ubuntu Operating System,15.6 inch Display,21250,
HP Core i5 7th Gen - (8 GB/1 TB HDD/Windows 10 Home/2 GB Graphics) 15-AU620TX Laptop,Intel Core i5 Processor (7th Gen),8 GB DDR4 RAM,64 bit Windows 10 Operating System,15.6 inch Display,55990,
Acer Predator Helios 300 Core i7 7th Gen - (8 GB/1 TB HDD/128 GB SSD/Windows 10 Home/4 GB Graphics) G3...,Intel Core i7 Processor (7th Gen),8 GB DDR4 RAM,64 bit Windows 10 Operating System,15.6 inch Display,109990,
Acer Aspire 3 Celeron Dual Core - (2 GB/500 GB HDD/Windows 10) A315-31 Laptop,Intel Celeron Dual Core Processor,2 GB DDR3 RAM,64 bit Windows 10 Operating System,15.6 inch Display,19990,
Lenovo Core i3 6th Gen - (4 GB/1 TB HDD/Windows 10 Home) Ideapad 110 Laptop,Intel Core i3 Processor (6th Gen),4 GB DDR4 RAM,64 bit Windows 10 Operating System,15.6 inch Display,30490,
HP Envy Core i3 7th Gen - (4 GB/128 GB SSD/Windows 10 Home) 13-ad079TU Thin and Light Laptop,Intel Core i3 Processor (7th Gen),4 GB DDR3 RAM,64 bit Windows 10 Operating System,13.3 inch Display,52990,
Dell Inspiron 5000 Core i5 7th Gen - (8 GB/1 TB HDD/Windows 10 Home) 5378 2 in 1 Laptop,Intel Core i5 Processor (7th Gen),8 GB DDR4 RAM,64 bit Windows 10 Operating System,13.3 inch Touchscreen Display,67490,
Dell Inspiron 7000 Core i5 7th Gen - (8 GB/1 TB HDD/Windows 10 Home/4 GB Graphics) 7560 Laptop,Intel Core i5 Processor (7th Gen),8 GB DDR4 RAM,64 bit Windows 10 Operating System,15.6 inch Display,69990,
Dell Inspiron 5000 Core i7 6th Gen - (16 GB/2 TB HDD/Windows 10 Home/4 GB Graphics) 5559 Laptop,Intel Core i7 Processor (6th Gen),16 GB DDR3 RAM,64 bit Windows 10 Operating System,15.6 inch Display,78990,
HP Envy Core i5 8th Gen - (8 GB/256 GB SSD/Windows 10 Home) 13-ad126TU Thin and Light Laptop,Latest 8th Gen Intel Core i5 - 8250U Processor,8 GB DDR3 RAM,64 bit Windows 10 Operating System,13.3 inch Touchscreen Display,74990,
Dell Inspiron 3000 Core M 6th Gen - (4 GB/500 GB HDD/Windows 10 Home) 3169 2 in 1 Laptop,Intel Core M Processor (6th Gen),4 GB DDR3 RAM,64 bit Windows 10 Operating System,11.6 inch Touchscreen Display,29990,
Lenovo Core i5 7th Gen - (8 GB/512 GB SSD/Windows 10 Home) Yoga 720 2 in 1 Laptop,Intel Core i5 Processor (7th Gen),8 GB DDR4 RAM,64 bit Windows 10 Operating System,13 inch Touchscreen Display,90595,
Asus X Series Core i3 6th Gen - (4 GB/1 TB HDD/DOS/2 GB Graphics) X541UJ-GO063 Laptop,Intel Core i3 Processor (6th Gen),4 GB DDR4 RAM,DOS Operating System,15.6 inch Display,31990,
Acer Aspire Core i5 7th Gen - (4 GB/1 TB HDD/Linux) E5-575 Laptop,Intel Core i5 Processor (7th Gen),4 GB DDR4 RAM,64 bit Linux/Ubuntu Operating System,15.6 inch Display,33500,
Acer Core i3 6th Gen - (4 GB/128 GB SSD/Windows 10 Home) SA5-271-35BE 2 in 1 Laptop,Intel Core i3 Processor (6th Gen),4 GB DDR3 RAM,64 bit Windows 10 Operating System,12 inch Touchscreen Display,48990,
HP 15 Core i5 6th Gen - (8 GB/1 TB HDD/Windows 10 Home/2 GB Graphics) 15-AY009TX Laptop,Intel Core i5 Processor (6th Gen),8 GB DDR4 RAM,64 bit Windows 10 Operating System,15.6 inch Display,46980,
RDP ThinBook Atom Quad Core 8th Gen - (2 GB/32 GB EMMC Storage/Windows 10) 1130 Laptop,Intel Atom Quad Core Processor (8th Gen),2 GB DDR3 RAM,64 bit Windows 10 Operating System,11.6 inch Display,10499,
Dell Insprion Core i7 7th Gen - (8 GB/1 TB HDD/Windows 10/2 GB Graphics) 3567 Laptop,Intel Core i7 Processor (7th Gen),8 GB DDR4 RAM,64 bit Windows 10 Operating System,15.6 inch Display,60990,
Lenovo Core i5 7th Gen - (8 GB/1 TB HDD/Windows 10 Home/4 GB Graphics) IP 520 Laptop,Intel Core i5 Processor (7th Gen),8 GB DDR4 RAM,64 bit Windows 10 Operating System,15.6 inch Display,64715,
Asus Core i3 6th Gen - (4 GB/1 TB HDD/Endless/2 GB Graphics) X541UJ-GO459 Laptop,Intel Core i3 Processor (6th Gen),4 GB DDR4 RAM,Endless Operating System,15.6 inch Display,32639,
Lenovo G50-80 Core i3 5th Gen - (4 GB/1 TB HDD/DOS) G50-80 Laptop,Intel Core i3 Processor (5th Gen),4 GB DDR3 RAM,DOS Operating System,15.6 inch Display,26490,
Lenovo 310 Core i5 6th Gen - (8 GB/1 TB HDD/DOS/2 GB Graphics) IP 310 Laptop,Intel Core i5 Processor (6th Gen),8 GB DDR4 RAM,DOS Operating System,15.6 inch Display,41990,
Acer Predator Helios 300 Core i5 7th Gen - (8 GB/1 TB HDD/128 GB SSD/Windows 10 Home/4 GB Graphics) G3...,Intel Core i5 Processor (7th Gen),8 GB DDR4 RAM,64 bit Windows 10 Operating System,15.6 inch Display,99990,
Dell Inspiron 5000 Core i3 6th Gen - (4 GB/1 TB HDD/Linux/2 GB Graphics) 5559 Laptop,Intel Core i3 Processor (6th Gen),4 GB DDR3 RAM,Linux/Ubuntu Operating System,15.6 inch Display,33290,
Acer E Series Celeron Dual Core 4th Gen - (2 GB/500 GB HDD/Windows 10 Home) ES1-131-C8RL Laptop,Intel Celeron Dual Core Processor (4th Gen),2 GB DDR3 RAM,64 bit Windows 10 Operating System,11.6 inch Display,18690,
Acer Core i3 6th Gen - (4 GB/1 TB HDD/Linux) ES1-572-33M8 Laptop,Intel Core i3 Processor (6th Gen),4 GB DDR4 RAM,Linux/Ubuntu Operating System,15.6 inch Display,26999,
HP Pavilion x360 Core i7 7th Gen - (8 GB/1 TB HDD/8 GB SSD/Windows 10 Home/4 GB Graphics) 14-ba078tx 2...,Intel Core i7 Processor (7th Gen),8 GB DDR4 RAM,64 bit Windows 10 Operating System,14 inch Touchscreen Display,82990,
HP x360 Core i5 7th Gen - (8 GB/1 TB HDD/8 GB SSD/Windows 10 Home/2 GB Graphics) 14-ba073TX 2 in 1 Lap...,Intel Core i5 Processor (7th Gen),8 GB DDR4 RAM,64 bit Windows 10 Operating System,14 inch Touchscreen Display,72290,
Asus Core i7 7th Gen - (8 GB/1 TB HDD/Windows 10 Home/4 GB Graphics) FX553VD-DM013T Laptop,Intel Core i7 Processor (7th Gen),8 GB DDR4 RAM,64 bit Windows 10 Operating System,15.6 inch Display,74990,
Dell Inspiron 5000 Core i5 7th Gen - (8 GB/2 TB HDD/Windows 10 Home/4 GB Graphics) 5567 Laptop,Intel Core i5 Processor (7th Gen),8 GB DDR4 RAM,64 bit Windows 10 Operating System,15.6 inch Display,63990,
HP Pavilion Core i7 8th Gen - (8 GB/1 TB HDD/128 GB SSD/Windows 10 Home/4 GB Graphics) 14-bf148TX Lapt...,Intel Core i7 Processor (8th Gen),8 GB DDR4 RAM,64 bit Windows 10 Operating System,14 inch Display,82990,
HP 15 Core i7 7th Gen - (8 GB/1 TB HDD/Windows 10 Home/4 GB Graphics) 15g-br010TX Laptop,Intel Core i7 Processor (7th Gen),8 GB DDR4 RAM,64 bit Windows 10 Operating System,15.6 inch Display,66990,
MSI GV Series Core i7 7th Gen - (16 GB/1 TB HDD/128 GB SSD/Windows 10 Home/6 GB Graphics) GV62VR 7RF-1...,Intel Core i7 Processor (7th Gen),16 GB DDR4 RAM,64 bit Windows 10 Operating System,15.6 inch Display,119990,
HP 14 Core i3 6th Gen - (4 GB/1 TB HDD/DOS) 14-ar003TU Laptop,Intel Core i3 Processor (6th Gen),4 GB DDR4 RAM,DOS Operating System,14 inch Display,29690,
Lenovo Yoga Book Atom Quad Core - (4 GB/64 GB EMMC Storage/Windows 10 Home) yb1-x91l 2 in 1 Laptop,Intel Atom Quad Core Processor,4 GB DDR3 RAM,64 bit Windows 10 Operating System,10.1 inch Touchscreen Display,49990,
MSI CX Core i7 7th Gen - (4 GB/1 TB HDD/DOS/2 GB Graphics) CX62 7QL Laptop,Intel Core i7 Processor (7th Gen),4 GB DDR4 RAM,DOS Operating System,15.6 inch Display,53990,
Asus Core i7 7th Gen - (8 GB/1 TB HDD/Endless/4 GB Graphics) FX553VD-DM013 Gaming Laptop,Intel Core i7 Processor (7th Gen),8 GB DDR4 RAM,Endless Operating System,15.6 inch Display,69990,
Acer Aspire APU Quad Core A10 5th Gen - (4 GB/1 TB HDD/Windows 10/2 GB Graphics) E5-553G Laptop,AMD APU Quad Core A10 Processor (5th Gen),4 GB DDR4 RAM,64 bit Windows 10 Operating System,15.6 inch Display,33790,
HP Core i5 7th Gen - (4 GB/1 TB HDD/Windows 10 Home) 13-U132TU x360 2 in 1 Laptop,Intel Core i5 Processor (7th Gen),4 GB DDR4 RAM,64 bit Windows 10 Operating System,13.3 inch Touchscreen Display,66938,
Lenovo Ideapad Core i7 7th Gen - (8 GB/1 TB HDD/Windows 10 Home/2 GB Graphics) IP 320E Laptop,Intel Core i7 Processor (7th Gen),8 GB DDR4 RAM,64 bit Windows 10 Operating System,15.6 inch Display,58990,
Acer Nitro 5 Spin Core i5 8th Gen - (8 GB/1 TB HDD/Windows 10 Home/4 GB Graphics) NP515-51 Laptop,Intel Core i5 Processor (8th Gen),8 GB DDR4 RAM,64 bit Windows 10 Operating System,15.6 inch Touchscreen Display,74990,
Dell Pentium Quad Core 4th Gen - (4 GB/500 GB HDD/Windows 10 Home) 3168 2 in 1 Laptop,Intel Pentium Quad Core Processor (4th Gen),4 GB RAM,64 bit Windows 10 Operating System,11.6 inch Touchscreen Display,32990,
Dell Inspiron 5000 Core i3 7th Gen - (4 GB/1 TB HDD/Windows 10 Home) 5378 2 in 1 Laptop,Intel Core i3 Processor (7th Gen),4 GB DDR4 RAM,64 bit Windows 10 Operating System,13.3 inch Touchscreen Display,56990,
Acer ES 15 APU Quad Core A4 - (4 GB/500 GB HDD/Windows 10 Home) ES1-521-40L7/ES1-523-49C0 Laptop,AMD APU Quad Core A4 Processor,4 GB DDR3 RAM,64 bit Windows 10 Operating System,15.6 inch Display,21990,
Acer E Series Core i3 6th Gen - (4 GB/1 TB HDD/Linux) Aspire E5-575-3203 Laptop,Intel Core i3 Processor (6th Gen),4 GB DDR4 RAM,64 bit Linux/Ubuntu Operating System,15.6 inch Display,26790,
Lava Helium Atom Quad Core 7th Gen - (2 GB/32 GB EMMC Storage/Windows 10 Home) C121 Laptop,Intel Atom Quad Core Processor (7th Gen),2 GB DDR3 RAM,64 bit Windows 10 Operating System,12.5 inch Display,12999,
Asus Zenbook Flip Series Core i7 7th Gen - (8 GB/512 GB SSD/Windows 10 Home) UX360UAK-DQ210T Thin and ...,Intel Core i7 Processor (7th Gen),8 GB DDR3 RAM,64 bit Windows 10 Operating System,13.3 inch Touchscreen Display,97900,
Acer Swift 3 Core i3 6th Gen - (4 GB/128 GB SSD/Linux) SF314-51 Laptop,Intel Core i3 Processor (6th Gen),4 GB DDR4 RAM,Linux/Ubuntu Operating System,14 inch Display,34990,
HP Core M 6th Gen - (4 GB/128 GB SSD/Windows 10 Pro) X2 2 in 1 Laptop,Intel Core M Processor (6th Gen),4 GB DDR3 RAM,64 bit Windows 10 Operating System,12 inch Touchscreen Display,69990,
Micromax Canvas Laptab II (WIFI) Atom Quad Core 4th Gen - (2 GB/32 GB EMMC Storage/Windows 10 Home) LT...,Intel Atom Quad Core Processor (4th Gen),2 GB DDR3 RAM,32 bit Windows 10 Operating System,11.6 inch Touchscreen Display,18999,
Lenovo Ideapad 110 Pentium Quad Core 7th Gen - (4 GB/1 TB HDD/Windows 10 Home) 80T700FQIH Laptop,Intel Pentium Quad Core Processor (7th Gen),4 GB DDR4 RAM,64 bit Windows 10 Operating System,15.6 inch Display,28890,
Lenovo Ideapad 320S Core i3 7th Gen - (4 GB/1 TB HDD/Windows 10 Home/512 MB Graphics) 80X400CKIN Thin ...,Intel Core i3 Processor (7th Gen),4 GB DDR4 RAM,64 bit Windows 10 Operating System,15.6 inch Display,38990,
Reach 14 Core i5 4th Gen - (8 GB/1 TB HDD/1 TB SSD/DOS) Quanto+ Laptop,Intel Core i5 Processor (4th Gen),8 GB DDR3 RAM,64 bit DOS Operating System,13.3 inch Display,29999,
HP 240 Core i3 5th Gen - (4 GB/500 GB HDD/DOS) 240G4 Laptop,Intel Core i3 Processor (5th Gen),4 GB DDR3 RAM,64 bit DOS Operating System,14 inch Display,30399,
Lenovo G50-80 Core i3 5th Gen - (8 GB/1 TB HDD/Windows 10 Home/2 GB Graphics) G50-80 Laptop,Intel Core i3 Processor (5th Gen),8 GB RAM,64 bit Windows 10 Operating System,15.6 inch Display,37970,
HP ProBook Core i5 7th Gen - (4 GB/500 GB HDD/DOS) 440 Laptop,Intel Core i5 Processor (7th Gen),4 GB DDR4 RAM,DOS Operating System,14 inch Display,55980,
HP Imprint Celeron Dual Core - (4 GB/500 GB HDD/DOS) 15-BS549TU Laptop,Intel Celeron Dual Core Processor,4 GB DDR3 RAM,DOS Operating System,15.6 inch Display,23048,
HP Core i3 5th Gen - (4 GB/1 TB HDD/Windows 10 Home) 14-AC108TU Laptop,Intel Core i3 Processor (5th Gen),4 GB DDR3 RAM,64 bit Windows 10 Operating System,14 inch Display,34000,
venturer Atom Quad Core 2nd Gen - (2 GB/32 GB HDD/32 GB SSD/32 GB EMMC Storage/Windows 10/2 GB Graphic...,Intel Atom Quad Core Processor (2nd Gen),2 GB DDR3 RAM,32 bit Windows 10 Operating System,10.1 inch Touchscreen Display,12999,
Dell Pentium Quad Core - (4 GB/500 GB HDD/DOS) 3552 Laptop,Intel Pentium Quad Core Processor,4 GB DDR3 RAM,DOS Operating System,15.6 inch Display,23990,
Lenovo Ideapad 320 Core i3 6th Gen - (4 GB/1 TB HDD/DOS) 80XH01MHIH Laptop,Intel Core i3 Processor (6th Gen),4 GB DDR4 RAM,64 bit DOS Operating System,15.6 inch Display,30490,
Venturer Quad Atom Quad Core 2nd Gen - (2 GB/32 GB HDD/32 GB SSD/32 GB EMMC Storage/Windows 10/2 GB Gr...,Intel Atom Quad Core Processor (2nd Gen),2 GB DDR3 RAM,32 bit Windows 10 Operating System,10.1 inch Touchscreen Display,12999,
Dell Inspiron 5000 Core i5 7th Gen - (4 GB/1 TB HDD/Windows 10 Home/2 GB Graphics) 5567 Laptop,Intel Core i5 Processor (7th Gen),4 GB DDR4 RAM,64 bit Windows 10 Operating System,15.6 inch Display,58990,
Lenovo Ideapad 320-15ISKU Core i3 6th Gen - (4 GB/1 TB HDD/DOS) 80XH01MJIH Laptop,Intel Core i3 Processor (6th Gen),4 GB DDR4 RAM,64 bit DOS Operating System,15.6 inch Display,30490,
HP Core i5 6th Gen - (4 GB/500 GB HDD/DOS) 240 G5 Laptop,Intel Core i5 Processor (6th Gen),4 GB DDR4 RAM,DOS Operating System,14 inch Display,44890,
Acer Aspire 5 Core i5 8th Gen - (4 GB/1 TB HDD/Windows 10 Home) A515-51G Laptop,Intel Core i5 Processor (8th Gen),4 GB DDR4 RAM,64 bit Windows 10 Operating System,15.6 inch Display,42999,
HP Pavilion Core i5 7th Gen - (4 GB/1 TB HDD/Windows 10 Home/4 GB Graphics) 15-AU624TX Laptop,Intel Core i5 Processor (7th Gen),4 GB DDR4 RAM,64 bit Windows 10 Operating System,15.6 inch Display,56990,
HP OMEN Core i7 7th Gen - (8 GB/1 TB HDD/128 GB SSD/Windows 10 Home/4 GB Graphics) 15-ax252TX Gaming L...,Intel Core i7 Processor (7th Gen),8 GB DDR4 RAM,64 bit Windows 10 Operating System,15.6 inch Display,99990,
Acer Aspire Celeron Dual Core - (2 GB/500 GB HDD/Linux) ES1-533-C1SX Laptop,Intel Celeron Dual Core Processor,2 GB DDR3 RAM,Linux/Ubuntu Operating System,15.6 inch Display,18990,
HP APU Dual Core A4 - (4 GB/500 GB HDD/Windows 10 Home) 245 G5 Laptop,AMD APU Dual Core A4 Processor,4 GB DDR3 RAM,64 bit Windows 10 Operating System,14 inch Display,40199,
Acer Aspire Core i3 6th Gen - (4 GB/1 TB HDD/Linux/2 GB Graphics) E5-575G Laptop,Intel Core i3 Processor (6th Gen),4 GB DDR4 RAM,Linux/Ubuntu Operating System,15.6 inch Display,33999,
Asus FX Series Core i7 7th Gen - (8 GB/1 TB HDD/Linux/2 GB Graphics) FX553VD Gaming Laptop,Intel Core i7 Processor (7th Gen),8 GB DDR4 RAM,64 bit Linux/Ubuntu Operating System,15.6 inch Display,72999,
Acer Core i5 6th Gen - (4 GB/1 TB HDD/Windows 10 Home/2 GB Graphics) F5-572G Laptop,Intel Core i5 Processor (6th Gen),4 GB DDR3 RAM,64 bit Windows 10 Operating System,15.6 inch Display,43990,
Lenovo Ideapad Core i3 6th Gen - (4 GB/1 TB HDD/DOS) 310 Laptop,Intel Core i3 Processor (6th Gen),4 GB DDR4 RAM,64 bit DOS Operating System,15.6 inch Display,29650,
HP Spectre x360 Core i7 7th Gen - (16 GB/512 GB SSD/Windows 10 Pro) 13â€“ac059TU 2 in 1 Laptop,Intel Core i7 Processor (7th Gen),16 GB DDR3 RAM,64 bit Windows 10 Operating System,13.3 inch Touchscreen Display,159990,
Asus X-SERIES Core i3 6th Gen - (4 GB/1 TB HDD/DOS) X541UV-DM846D Laptop,Intel Core i3 Processor (6th Gen),4 GB DDR4 RAM,64 bit DOS Operating System,15.6 inch Display,29999,
HP Omen Core i5 7th Gen - (8 GB/1 TB HDD/128 GB SSD/Windows 10 Home/4 GB Graphics) 15-ce071TX Gaming L...,Intel Core i5 Processor (7th Gen),8 GB DDR4 RAM,64 bit Windows 10 Operating System,15.6 inch Display,97990,
MSI GL Core i7 7th Gen - (8 GB/1 TB HDD/DOS/4 GB Graphics) GL62M 7RDX Gaming Laptop,Intel Core i7 Processor (7th Gen),8 GB DDR4 RAM,DOS Operating System,15.6 inch Display,79990,
Asus R-SERIES Core i5 7th Gen - (4 GB/1 TB HDD/DOS/2 GB Graphics) R558UQ-DM542D Laptop,Intel Core i5 Processor (7th Gen),4 GB DDR4 RAM,64 bit DOS Operating System,15.6 inch Display,45490,
Asus A555LF Core i3 5th Gen - (4 GB/1 TB HDD/Windows 10 Home/2 GB Graphics) A555LF-XX257T Laptop,Intel Core i3 Processor (5th Gen),4 GB DDR3 RAM,64 bit Windows 10 Operating System,15.6 inch Display,33990,
Asus X Series Core i3 5th Gen - (4 GB/1 TB HDD/Windows 10 Home) X540LA-XX596T Laptop,Intel Core i3 Processor (5th Gen),4 GB DDR3 RAM,64 bit Windows 10 Operating System,15.6 inch Display,32990,
Lenovo B50-80 Core i3 5th Gen - (4 GB/500 GB HDD/Linux) B5080 Laptop,Intel Core i3 Processor (5th Gen),4 GB DDR3 RAM,64 bit Linux/Ubuntu Operating System,15.6 inch Display,32990,
Lenovo IP Pentium Quad Core 4th Gen - (4 GB/1 TB HDD/DOS) IdeaPad 110 Laptop,Intel Pentium Quad Core Processor (4th Gen),4 GB DDR3 RAM,64 bit DOS Operating System,15.6 inch Display,26990,
Lenovo Core i7 7th Gen - (8 GB/256 GB SSD/Windows 10 Home/2 GB Graphics) Yoga 710 2 in 1 Laptop,Intel Core i7 Processor (7th Gen),8 GB DDR4 RAM,64 bit Windows 10 Operating System,14 inch Touchscreen Display,97990,
Dell Inspiron 5000 Core i5 6th Gen - (8 GB/1 TB HDD/Windows 10 Home/2 GB Graphics) 5559 Laptop,Intel Core i5 Processor (6th Gen),8 GB DDR3 RAM,64 bit Windows 10 Operating System,15.6 inch Display,60000,
Dell 5000 Core i3 6th Gen - (4 GB/1 TB HDD/Windows 10 Home) 5368 2 in 1 Laptop,Intel Core i3 Processor (6th Gen),4 GB RAM,64 bit Windows 10 Operating System,13.3 inch Touchscreen Display,53500,
Dell Inspiron 5000 Core i5 7th Gen - (8 GB/2 TB HDD/Windows 10 Home/2 GB Graphics) 5567 Laptop,Intel Core i5 Processor (7th Gen),8 GB DDR4 RAM,64 bit Windows 10 Operating System,15.6 inch Display,61500,
Iball Atom Quad Core - (2 GB/32 GB EMMC Storage/Windows 10 Home) WQ191C 2 in 1 Laptop,Intel Atom Quad Core Processor,2 GB DDR3 RAM,32 bit Windows 10 Operating System,10.1 inch Touchscreen Display,12000,
Dell 5000 Core i5 6th Gen - (8 GB/1 TB HDD/Windows 10 Home) 5568 2 in 1 Laptop,Intel Core i5 Processor (6th Gen),8 GB RAM,64 bit Windows 10 Operating System,15.6 inch Touchscreen Display,71990,
Acer F5 Core i5 7th Gen - (4 GB/1 TB HDD/Windows 10/2 GB Graphics) F5-573G Laptop,Intel Core i5 Processor (7th Gen),4 GB DDR4 RAM,64 bit Windows 10 Operating System,15.6 inch Display,44499,
Dell Inspiron 5000 Core i5 7th Gen - (8 GB/1 TB HDD/Windows 10 Home/4 GB Graphics) 5567 Laptop,Intel Core i5 Processor (7th Gen),8 GB DDR4 RAM,64 bit Windows 10 Operating System,15.6 inch Display,62000,
Lenovo Yoga 500 Core i5 5th Gen - (4 GB/500 GB HDD/Windows 8 Pro) 500 2 in 1 Laptop,Intel Core i5 Processor (5th Gen),4 GB DDR3 RAM,64 bit Windows 8 Operating System,14 inch Touchscreen Display,60390,
Asus X Series Core i3 7th Gen - (4 GB/1 TB HDD/DOS) X541UA-DM1358D Laptop,Intel Core i3 Processor (7th Gen),4 GB DDR4 RAM,64 bit DOS Operating System,15.6 inch Display,27990,
Acer ES 11 Celeron Dual Core 4th Gen - (2 GB/500 GB HDD/Windows 10 Home) ES1-131 Laptop,Intel Celeron Dual Core Processor (4th Gen),2 GB DDR3 RAM,64 bit Windows 10 Operating System,11.6 inch Display,18690,
MSI GP Core i7 7th Gen - (16 GB/1 TB HDD/128 GB SSD/Windows 10 Home/6 GB Graphics) GP62MVR 7RFX Gaming...,Intel Core i7 Processor (7th Gen),16 GB DDR4 RAM,64 bit Windows 10 Operating System,15.6 inch Display,129990,
Asus X Series Core i3 7th Gen - (4 GB/1 TB HDD/DOS) X541UA-DM1232D Laptop,Intel Core i3 Processor (7th Gen),4 GB DDR4 RAM,64 bit DOS Operating System,15.6 inch Display,28090,
Asus VivoBook S Core i5 8th Gen - (8 GB/1 TB HDD/Windows 10 Home/2 GB Graphics) S510UN-BQ217T Laptop,Intel Core i5 Processor (8th Gen),8 GB DDR4 RAM,64 bit Windows 10 Operating System,15.6 inch Display,59999,
Dell Inspiron 5000 Core i5 7th Gen - (8 GB/1 TB HDD/Windows 10 Home/4 GB Graphics) 5567 Laptop,Intel Core i5 Processor (7th Gen),8 GB DDR4 RAM,64 bit Windows 10 Operating System,15.6 inch Display,64640,
Dell Inspiron Core i3 6th Gen - (4 GB/1 TB HDD/Windows 10 Home) 5559 Laptop,Intel Core i3 Processor (6th Gen),4 GB DDR3 RAM,64 bit Windows 10 Operating System,15.6 inch Display,34790,
Dell Inspiron Core i3 6th Gen - (4 GB/1 TB HDD/DOS) 3567 Laptop,Intel Core i3 Processor (6th Gen),4 GB DDR4 RAM,64 bit DOS Operating System,15.6 inch Display,31000,
Asus R558UQ Core i5 7th Gen - (4 GB/1 TB HDD/DOS/2 GB Graphics) DM513D Laptop,Intel Core i5 Processor (7th Gen),4 GB DDR4 RAM,64 bit DOS Operating System,15.6 inch Display,45649,
Dell 3000 Core i3 6th Gen - (4 GB/1 TB HDD/Ubuntu) 3568 Laptop,Intel Core i3 Processor (6th Gen),4 GB DDR4 RAM,64 bit Linux/Ubuntu Operating System,15.6 inch Display,29890,
Asus Vivobook Max Core i3 7th Gen - (4 GB/1 TB HDD/Windows 10 Home) X541UA-DM1232T Laptop,Intel Core i3 Processor (7th Gen),4 GB DDR4 RAM,64 bit Windows 10 Operating System,15.6 inch Display,33678,
Fujitsu Lifebook Core i3 5th Gen - (8 GB/500 GB HDD/DOS) Lifebook A555 Laptop,Intel Core i3 Processor (5th Gen),8 GB DDR3 RAM,64 bit DOS Operating System,15.6 inch Display,27000,
Asus X SERIES Core i3 6th Gen - (4 GB/1 TB HDD/DOS) X541UA-DM883D Laptop,Intel Core i3 Processor (6th Gen),4 GB DDR4 RAM,64 bit DOS Operating System,15.6 inch Display,30796,
Asus VivoBook S Core i7 8th Gen - (8 GB/1 TB HDD/128 GB SSD/Windows 10 Home/2 GB Graphics) S510UN-BQ13...,Intel Core i7 Processor (8th Gen),8 GB DDR4 RAM,64 bit Windows 10 Operating System,15.6 inch Display,86990,
Asus Vivobook Max Core i3 7th Gen - (4 GB/1 TB HDD/DOS/2 GB Graphics) A541UV-DM978 Laptop,Intel Core i3 Processor (7th Gen),4 GB DDR4 RAM,64 bit DOS Operating System,15.6 inch Display,34650,
Asus VivoBook Max Core i3 7th Gen - (4 GB/1 TB HDD/Windows 10 Home/2 GB Graphics) A541UV-DM978T Laptop,Intel Core i3 Processor (7th Gen),4 GB DDR4 RAM,64 bit Windows 10 Operating System,15.6 inch Display,36990,
Asus Vivobook Max Core i3 7th Gen - (4 GB/1 TB HDD/Windows 10) X541UA-DM1358T Laptop,Intel Core i3 Processor (7th Gen),4 GB DDR4 RAM,64 bit Windows 10 Operating System,15.6 inch Display,33540,
Asus R Series Core i5 7th Gen - (8 GB/1 TB HDD/DOS/2 GB Graphics) R558UQ-DM1286D Laptop,Intel Core i5 Processor (7th Gen),8 GB DDR4 RAM,64 bit DOS Operating System,15.6 inch Display,48990,
Lenovo Core i5 7th Gen - (8 GB/1 TB HDD/Windows 10 Home/4 GB Graphics) 510 Laptop,Intel Core i5 Processor (7th Gen),8 GB DDR4 RAM,64 bit Windows 10 Operating System,15.6 inch Display,59450,
MSI G Series Core i7 7th Gen - (8 GB/1 TB HDD/Windows 10 Home/2 GB Graphics) GL62M Gaming Laptop,Intel Core i7 Processor (7th Gen),8 GB DDR4 RAM,64 bit Windows 10 Operating System,15.6 inch Display,82900,
Acer Gateway Core i3 5th Gen - (4 GB/1 TB HDD/Linux) NE571-38U7 Laptop,Intel Core i3 Processor (5th Gen),4 GB DDR3 RAM,Linux/Ubuntu Operating System,15.6 inch Display,26999,
HP Pavilion Core i5 7th Gen - (16 GB/2 TB HDD/Windows 10 Home/4 GB Graphics) 15-AU626TX Laptop,Intel Core i5 Processor (7th Gen),16 GB DDR4 RAM,64 bit Windows 10 Operating System,15.6 inch Display,70990,
HP Core i3 5th Gen - (4 GB/1 TB HDD/Windows 10 Home) 14-ar002TU Laptop,Intel Core i3 Processor (5th Gen),4 GB DDR3 RAM,64 bit Windows 10 Operating System,14 inch Display,34990,
HP ProBook Core i3 7th Gen - (4 GB/500 GB HDD/Windows 10 Pro) 440 Business Laptop,Intel Core i3 Processor (7th Gen),4 GB DDR4 RAM,64 bit Windows 10 Operating System,14 inch Display,58500,
Asus X555LA-XX172D Notebook (Core i3 4th Gen/ 4GB/ 500GB/ Free Dos) (9ONB0652-MO7120),Intel Core i3 Processor (4th Gen),4 GB DDR3 RAM,64 bit DOS Operating System,15.6 inch Display,28483,
Iball Compbook Celeron Dual Core 7th Gen - (3 GB/32 GB EMMC Storage/Windows 10) Marvel 6 Laptop,Intel Celeron Dual Core Processor (7th Gen),3 GB DDR3 RAM,64 bit Windows 10 Operating System,14 inch Display,14300,
Iball C Series Atom - (2 GB/32 GB EMMC Storage/Windows 10) Compbook Laptop,Intel Atom Processor,2 GB DDR3 RAM,32 bit Windows 10 Operating System,11.6 inch Display,11999,
HP Core i5 6th Gen - (4 GB/1 TB HDD/DOS) 15-ay084tu Laptop,Intel Core i5 Processor (6th Gen),4 GB DDR4 RAM,DOS Operating System,15.6 inch Display,38490,
HP Pavilion Core i5 6th Gen - (8 GB/1 TB HDD/Windows 10 Home/4 GB Graphics) 15-au006TX Laptop,Intel Core i5 Processor (6th Gen),8 GB DDR4 RAM,64 bit Windows 10 Operating System,15.6 inch Display,56970,
HP Core i3 6th Gen - (4 GB/1 TB HDD/Windows 10 Home) 15-ay544TU Laptop,Intel Core i3 Processor (6th Gen),4 GB DDR4 RAM,64 bit Windows 10 Operating System,15.6 inch Display,36490,
Dell 3000 APU Quad Core E2 6th Gen - (4 GB/500 GB HDD/Windows 10 Home) 3555 Laptop,AMD APU Quad Core E2 Processor (6th Gen),4 GB DDR3 RAM,64 bit Windows 10 Operating System,15.6 inch Display,26500,
Dell 5000 Core i7 7th Gen - (16 GB/1 TB HDD/Windows 10 Home/4 GB Graphics) 5567 Laptop,Intel Core i7 Processor (7th Gen),16 GB DDR4 RAM,64 bit Windows 10 Operating System,15.6 inch Touchscreen Display,74999,
Acer Aspire APU Dual Core E1 7th Gen - (4 GB/500 GB HDD/Windows 10 Home) ASPIRE ES1 Laptop,AMD APU Dual Core E1 Processor (7th Gen),4 GB DDR3 RAM,64 bit Windows 10 Operating System,15.6 inch Display,21299,
HP Pavillion Core i5 6th Gen - (4 GB/1 TB HDD/Windows 10 Home) 15-AY554TU Laptop,Intel Core i5 Processor (6th Gen),4 GB DDR4 RAM,64 bit Windows 10 Operating System,15.6 inch Display,41490,
Lenovo 310 Core i5 6th Gen - (8 GB/1 TB HDD/Windows 10 Home/2 GB Graphics) IP 310 Laptop,Intel Core i5 Processor (6th Gen),8 GB DDR4 RAM,64 bit Windows 10 Operating System,15.6 inch Display,45980,
Lava Helium Atom Quad Core 7th Gen - (2 GB/32 GB EMMC Storage/Windows 10 Home) C121 Laptop,Intel Atom Quad Core Processor (7th Gen),2 GB DDR3 RAM,64 bit Windows 10 Operating System,12.5 inch Display,12999,
Lava Helium Atom Quad Core 7th Gen - (2 GB/32 GB EMMC Storage/Windows 10 Home) C121 Thin and Light Lap...,Intel Atom Quad Core Processor (7th Gen),2 GB DDR3 RAM,64 bit Windows 10 Operating System,12.5 inch Display,12999,
Dell Inspiron 5000 Core i7 7th Gen - (16 GB/2 TB HDD/Windows 10 Home/4 GB Graphics) 5567 Laptop,Intel Core i7 Processor (7th Gen),16 GB DDR4 RAM,64 bit Windows 10 Operating System,15.6 inch Display,89490,
Dell 5000 Core i7 7th Gen - (8 GB/256 GB SSD/256 GB EMMC Storage/Windows 10) 5378 2 in 1 Laptop,Intel Core i7 Processor (7th Gen),8 GB DDR4 RAM,64 bit Windows 10 Operating System,13.3 inch Touchscreen Display,73499,
HP Imprint Celeron Dual Core - (4 GB/500 GB HDD/Windows 10 Home) 15-BS548TU Laptop,Intel Celeron Dual Core Processor,4 GB DDR3 RAM,64 bit Windows 10 Operating System,15.6 inch Display,23875,
Acer ES 11 Celeron Dual Core 4th Gen - (2 GB/500 GB HDD/Windows 10 Home) ES1-132 Laptop,Intel Celeron Dual Core Processor (4th Gen),2 GB DDR3 RAM,64 bit Windows 10 Operating System,11.6 inch Display,18390,
Dell Inspiron Core i3 6th Gen - (4 GB/1 TB HDD/DOS) 3567 Laptop,Intel Core i3 Processor (6th Gen),4 GB DDR4 RAM,64 bit DOS Operating System,15.6 inch Display,30489,
Asus VivoBook S Core i7 8th Gen - (8 GB/1 TB HDD/Windows 10 Home/2 GB Graphics) S510UN-BQ052T Laptop,Intel Core i7 Processor (8th Gen),8 GB DDR4 RAM,64 bit Windows 10 Operating System,15.6 inch Display,69960,
Asus Core i3 6th Gen - (4 GB/1 TB HDD/DOS) X541UA-GO1345D Laptop,Intel Core i3 Processor (6th Gen),4 GB DDR4 RAM,DOS Operating System,15.6 inch Display,27299,
Asus X Series Core i3 7th Gen - (4 GB/1 TB HDD/Windows 10 Home) X541UA-DM1232T Laptop,Intel Core i3 Processor (7th Gen),4 GB DDR4 RAM,64 bit Windows 10 Operating System,15.6 inch Display,31990,
HP Atom Quad Core - (4 GB/64 GB EMMC Storage/Windows 10 Home) x2 210 2 in 1 Laptop,Intel Atom Quad Core Processor,4 GB DDR3 RAM,64 bit Windows 10 Operating System,10.1 inch Touchscreen Display,30610,
Asus Vivoboov S15 Core i5 8th Gen - (8 GB/1 TB HDD/Windows 10/2 GB Graphics) S510UN-BQ122T Laptop,Intel Core i5 Processor (8th Gen),8 GB DDR4 RAM,64 bit Windows 10 Operating System,15.6 inch Display,61990,
Dell XPS 13 Core i5 6th Gen - (8 GB/256 GB SSD/Windows 10 Home) XPS 13 Thin and Light Laptop,Intel Core i5 Processor (6th Gen),8 GB DDR3 RAM,64 bit Windows 10 Operating System,13.3 inch Touchscreen Display,114990,
Lenovo Core i5 7th Gen - (8 GB/1 TB HDD/Windows 10 Home/4 GB Graphics) 510 Laptop,Intel Core i5 Processor (7th Gen),8 GB DDR4 RAM,64 bit Windows 10 Operating System,15.6 inch Display,59000,
HP Core i5 6th Gen - (4 GB/1 TB HDD/Windows 10 Home) 15-AY503TU Laptop,Intel Core i5 Processor (6th Gen),4 GB DDR4 RAM,64 bit Windows 10 Operating System,15.6 inch Display,41750,
MSI GS60 2PL Ghost Notebook (4th Gen Ci7/ 8GB/ 1TB/ Win8.1/ 2GB Graph),Intel Core i7 Processor (4th Gen),8 GB DDR3 RAM,64 bit Windows 8.1 Operating System,15.6 inch Display,109599,
HP ProBook Core i5 7th Gen - (4 GB/1 TB HDD/Windows 10 Pro) 440 Business Laptop,Intel Core i5 Processor (7th Gen),4 GB DDR4 RAM,64 bit Windows 10 Operating System,14 inch Display,68500,
Dell Inspiron Core i7 6th Gen - (8 GB/1 TB HDD/8 GB SSD/Windows 10 Home/4 GB Graphics) 7559 Gaming Lap...,Intel Core i7 Processor (6th Gen),8 GB DDR3 RAM,64 bit Windows 10 Operating System,15.6 inch Display,94500,
Apple Macbook Pro Core i7 - (16 GB/512 GB SSD/Mac OS Sierra/2 GB Graphics) MLH42HN/A,Intel Core i7 Processor,16 GB DDR3 RAM,64 bit Mac OS Operating System,15 inch Display,218990,
Dell XPS 12 Ultrabook (3rd Gen Ci7/ 8GB/ 256GB SSD/ Win8/ Touch),Intel Core i7 Processor (3rd Gen),8 GB DDR3 RAM,64 bit Windows 8 Operating System,12.38 inch Touchscreen Display,85000,
Iball Netbook Atom Quad Core - (2 GB/32 GB EMMC Storage/Windows 10 Home) CompBook Exemplaire Thin and ...,Intel Atom Quad Core Processor,2 GB DDR3 RAM,64 bit Windows 10 Operating System,14 inch Display,13800,
Asus X Series Core i3 7th Gen - (4 GB/1 TB HDD/DOS) X541UA-DM1232D Laptop,Intel Core i3 Processor (7th Gen),4 GB DDR4 RAM,64 bit DOS Operating System,15.6 inch Display,28090,
Asus Core i5 6th Gen - (4 GB/1 TB HDD/DOS/2 GB Graphics) X541UV-XO029D Laptop,Intel Core i5 Processor (6th Gen),4 GB DDR4 RAM,DOS Operating System,15.6 inch Display,36490,
Asus R Core i7 7th Gen - (8 GB/1 TB HDD/DOS/2 GB Graphics) R558UQ-DM1106DR558U Laptop,Intel Core i7 Processor (7th Gen),8 GB DDR4 RAM,64 bit DOS Operating System,15.6 inch Display,56990,
Asus VivoBook S Core i5 8th Gen - (8 GB/1 TB HDD/Windows 10 Home/2 GB Graphics) S510UN-BQ217T Laptop,Intel Core i5 Processor (8th Gen),8 GB DDR4 RAM,64 bit Windows 10 Operating System,15.6 inch Display,59999,
Dell Inspiron 5000 Core i5 7th Gen - (8 GB/1 TB HDD/Windows 10 Home/4 GB Graphics) 5567 Laptop,Intel Core i5 Processor (7th Gen),8 GB DDR4 RAM,64 bit Windows 10 Operating System,15.6 inch Display,64640,
Dell Inspiron Core i3 6th Gen - (4 GB/1 TB HDD/Windows 10 Home) 5559 Laptop,Intel Core i3 Processor (6th Gen),4 GB DDR3 RAM,64 bit Windows 10 Operating System,15.6 inch Display,34790,
Dell Inspiron Core i3 6th Gen - (4 GB/1 TB HDD/DOS) 3567 Laptop,Intel Core i3 Processor (6th Gen),4 GB DDR4 RAM,64 bit DOS Operating System,15.6 inch Display,31000,
Asus R558UQ Core i5 7th Gen - (4 GB/1 TB HDD/DOS/2 GB Graphics) DM513D Laptop,Intel Core i5 Processor (7th Gen),4 GB DDR4 RAM,64 bit DOS Operating System,15.6 inch Display,45649,
Dell 3000 Core i3 6th Gen - (4 GB/1 TB HDD/Ubuntu) 3568 Laptop,Intel Core i3 Processor (6th Gen),4 GB DDR4 RAM,64 bit Linux/Ubuntu Operating System,15.6 inch Display,29890,
Asus Vivobook Max Core i3 7th Gen - (4 GB/1 TB HDD/Windows 10 Home) X541UA-DM1232T Laptop,Intel Core i3 Processor (7th Gen),4 GB DDR4 RAM,64 bit Windows 10 Operating System,15.6 inch Display,33678,
HP Core i5 5th Gen - (4 GB/1 TB HDD/Windows 10 Home/2 GB Graphics) 15-ac123tx Laptop,Intel Core i5 Processor (5th Gen),4 GB DDR3 RAM,64 bit Windows 10 Operating System,15.6 inch Display,43790,
Asus X SERIES Core i3 6th Gen - (4 GB/1 TB HDD/DOS) X541UA-DM883D Laptop,Intel Core i3 Processor (6th Gen),4 GB DDR4 RAM,64 bit DOS Operating System,15.6 inch Display,30796,
Fujitsu Lifebook Core i3 5th Gen - (8 GB/500 GB HDD/DOS) Lifebook A555 Laptop,Intel Core i3 Processor (5th Gen),8 GB DDR3 RAM,64 bit DOS Operating System,15.6 inch Display,27000,
Asus VivoBook S Core i7 8th Gen - (8 GB/1 TB HDD/128 GB SSD/Windows 10 Home/2 GB Graphics) S510UN-BQ13...,Intel Core i7 Processor (8th Gen),8 GB DDR4 RAM,64 bit Windows 10 Operating System,15.6 inch Display,86990,
Asus Vivobook Max Core i3 7th Gen - (4 GB/1 TB HDD/DOS/2 GB Graphics) A541UV-DM978 Laptop,Intel Core i3 Processor (7th Gen),4 GB DDR4 RAM,64 bit DOS Operating System,15.6 inch Display,34650,
Asus VivoBook Max Core i3 7th Gen - (4 GB/1 TB HDD/Windows 10 Home/2 GB Graphics) A541UV-DM978T Laptop,Intel Core i3 Processor (7th Gen),4 GB DDR4 RAM,64 bit Windows 10 Operating System,15.6 inch Display,36990,
Asus Vivobook Max Core i3 7th Gen - (4 GB/1 TB HDD/Windows 10) X541UA-DM1358T Laptop,Intel Core i3 Processor (7th Gen),4 GB DDR4 RAM,64 bit Windows 10 Operating System,15.6 inch Display,33540,
Asus Vivobook S15 Core i7 8th Gen - (8 GB/1 TB HDD/Windows 10/2 GB Graphics) S510UN-BQ151T Laptop,Intel Core i7 Processor (8th Gen),8 GB DDR4 RAM,64 bit Windows 10 Operating System,15.6 inch Display,69990,
Asus R Series Core i5 7th Gen - (8 GB/1 TB HDD/DOS/2 GB Graphics) R558UQ-DM1286D Laptop,Intel Core i5 Processor (7th Gen),8 GB DDR4 RAM,64 bit DOS Operating System,15.6 inch Display,48990,
Iball C Series Atom - (2 GB/32 GB EMMC Storage/Windows 10) Compbook Laptop,Intel Atom Processor,2 GB DDR3 RAM,32 bit Windows 10 Operating System,11.6 inch Display,11999,
HP Pavilion x360 Core i3 7th Gen - (4 GB/1 TB HDD/Windows 10 Home) 11-ad022TU 2 in 1 Laptop,Intel Core i3 Processor (7th Gen),4 GB DDR4 RAM,64 bit Windows 10 Operating System,11.6 inch Touchscreen Display,39999,
HP Core i3 6th Gen - (4 GB/1 TB HDD/DOS) 15-be017TU Laptop,Intel Core i3 Processor (6th Gen),4 GB DDR4 RAM,DOS Operating System,15.6 inch Display,30990,
HP Core i5 7th Gen - (8 GB/1 TB HDD/DOS/2 GB Graphics) 2EY73PA Laptop,Intel Core i5 Processor (7th Gen),8 GB DDR4 RAM,DOS Operating System,15.6 inch Display,43780,
Reach Celeron Dual Core 5th Gen - (4 GB/500 GB HDD/DOS) RCN-025 Laptop,Intel Celeron Dual Core Processor (5th Gen),4 GB DDR3 RAM,32 bit DOS Operating System,14 inch Display,14999,
HP Imprint Core i3 6th Gen - (4 GB/1 TB HDD/Windows 10 Home) 15-BS541TU Laptop,Intel Core i3 Processor (6th Gen),4 GB DDR4 RAM,64 bit Windows 10 Operating System,15.6 inch Display,35990,
Asus Vivobook Series Core i5 7th Gen - (8 GB/1 TB HDD/DOS/2 GB Graphics) R542UQ-DM153 Laptop,Intel Core i5 Processor (7th Gen),8 GB DDR4 RAM,64 bit Endless Operating System,15.6 inch Display,46980,
Acer Atom Quad Core - (2 GB/32 GB EMMC Storage/Windows 10 Home) SW3-016 2 in 1 Laptop,Intel Atom Quad Core Processor,2 GB DDR3 RAM,64 bit Windows 10 Operating System,10.1 inch Display,13940,
HP APU Quad Core A8 6th Gen - (4 GB/1 TB HDD/DOS/2 GB Graphics) 15-bg001AX Laptop,AMD APU Quad Core A8 Processor (6th Gen),4 GB DDR3 RAM,DOS Operating System,15.6 inch Display,26480,
Dell Vostro Core i3 6th Gen - (4 GB/1 TB HDD/Windows 10) 3568 Laptop,Intel Core i3 Processor (6th Gen),4 GB DDR3 RAM,64 bit Windows 10 Operating System,15.6 inch Display,32690,
HP Pavillion APU Quad Core E2 7th Gen - (4 GB/1 TB HDD/DOS) Z6X93PA Laptop,AMD APU Quad Core E2 Processor (7th Gen),4 GB DDR3 RAM,64 bit DOS Operating System,15.6 inch Display,21999,
HP Core i3 5th Gen - (4 GB/1 TB HDD/Windows 10 Home/2 GB Graphics) 15-AY004TX Laptop,Intel Core i3 Processor (5th Gen),4 GB DDR3 RAM,64 bit Windows 10 Operating System,15.6 inch Display,36490,
Dell Inspiron 15 3000 Series Core i5 7th Gen - (4 GB/1 TB HDD/Windows 10 Home) 3567 Laptop,Intel Core i5 Processor (7th Gen),4 GB DDR4 RAM,64 bit Windows 10 Operating System,15.6 inch Display,48500,
Dell Inspiron Core i5 6th Gen - (8 GB/500 GB HDD/8 GB SSD/Windows 10 Home) 7359 2 in 1 Laptop,Intel Core i5 Processor (6th Gen),8 GB DDR3 RAM,64 bit Windows 10 Operating System,13.3 inch Touchscreen Display,59990,
Asus X Core i3 6th Gen - (4 GB/1 TB HDD/DOS) X541UA-GO1345D Laptop,Intel Core i3 Processor (6th Gen),4 GB DDR4 RAM,64 bit DOS Operating System,15.6 inch Display,27499,
Dell Inspiron Core i3 6th Gen - (4 GB/1 TB HDD/Windows 10/2 GB Graphics) 3567 Laptop,Intel Core i3 Processor (6th Gen),4 GB DDR4 RAM,64 bit Windows 10 Operating System,15.6 inch Display,36392,
Asus UX430UA Core i5 7th Gen - (8 GB/512 GB SSD/Windows 10 Home) UX430UA-GV223T Thin and Light Laptop,Intel Core i5 Processor (7th Gen),8 GB DDR4 RAM,64 bit Windows 10 Operating System,14 inch Display,77000,
RDP ThinBook Atom Quad Core 8th Gen - (2 GB/32 GB EMMC Storage/Windows 10) 1430b Thin and Light Laptop,Intel Atom Quad Core Processor (8th Gen),2 GB DDR3 RAM,32 bit Windows 10 Operating System,14.1 inch Display,12999,
HP Core i3 6th Gen - (4 GB/500 GB HDD/DOS) 240 G5 Laptop,Intel Core i3 Processor (6th Gen),4 GB DDR4 RAM,64 bit DOS Operating System,14 inch Display,29990,
HP Core i5 7th Gen - (8 GB/1 TB HDD/DOS) 348 G4 Laptop,Intel Core i5 Processor (7th Gen),8 GB DDR4 RAM,DOS Operating System,14 inch Display,47280,
HP Imprint Pentium Quad Core - (4 GB/1 TB HDD/DOS) 15-BS545TU Laptop,Intel Pentium Quad Core Processor,4 GB DDR3 RAM,DOS Operating System,15.6 inch Display,24990,
RDP ThinBook Atom Quad Core 8th Gen - (2 GB/32 GB EMMC Storage/DOS) 1430a Thin and Light Laptop,Intel Atom Quad Core Processor (8th Gen),2 GB DDR3 RAM,32 bit DOS Operating System,14.1 inch Display,11999,
Lava Helium 14 Atom Quad Core - (2 GB/32 GB EMMC Storage/Windows 10 Home) C141 Thin and Light Laptop,Intel Atom Quad Core Processor,2 GB DDR3 RAM,64 bit Windows 10 Operating System,14.1 inch Display,14999,
Dell Inspiron Core i3 6th Gen - (4 GB/1 TB HDD/Windows 10 Home) 3567 Laptop,Intel Core i3 Processor (6th Gen),4 GB DDR4 RAM,64 bit Windows 10 Operating System,15.6 inch Display,34590,
Asus Vivobook Core i5 7th Gen - (8 GB/1 TB HDD/DOS/2 GB Graphics) R542UQ-DM164 Laptop,Intel Core i5 Processor (7th Gen),8 GB DDR4 RAM,64 bit Endless Operating System,15.6 inch Display,45490,
Dell Inspiron Core i3 6th Gen - (4 GB/1 TB HDD/DOS) 3567 Laptop,Intel Core i3 Processor (6th Gen),4 GB DDR4 RAM,64 bit DOS Operating System,15.6 inch Display,30489,
Asus VivoBook S Core i7 8th Gen - (8 GB/1 TB HDD/Windows 10 Home/2 GB Graphics) S510UN-BQ052T Laptop,Intel Core i7 Processor (8th Gen),8 GB DDR4 RAM,64 bit Windows 10 Operating System,15.6 inch Display,69960,
Asus Core i3 6th Gen - (4 GB/1 TB HDD/DOS) X541UA-GO1345D Laptop,Intel Core i3 Processor (6th Gen),4 GB DDR4 RAM,DOS Operating System,15.6 inch Display,27299,
Asus X Series Core i3 7th Gen - (4 GB/1 TB HDD/Windows 10 Home) X541UA-DM1232T Laptop,Intel Core i3 Processor (7th Gen),4 GB DDR4 RAM,64 bit Windows 10 Operating System,15.6 inch Display,31990,
HP Atom Quad Core - (4 GB/64 GB EMMC Storage/Windows 10 Home) x2 210 2 in 1 Laptop,Intel Atom Quad Core Processor,4 GB DDR3 RAM,64 bit Windows 10 Operating System,10.1 inch Touchscreen Display,30610,
Asus Vivoboov S15 Core i5 8th Gen - (8 GB/1 TB HDD/Windows 10/2 GB Graphics) S510UN-BQ122T Laptop,Intel Core i5 Processor (8th Gen),8 GB DDR4 RAM,64 bit Windows 10 Operating System,15.6 inch Display,61990,
Dell Inspiron APU Quad Core A10 6th Gen - (8 GB/1 TB HDD/Windows 10 Home/2 GB Graphics) 5555 Laptop,AMD APU Quad Core A10 Processor (6th Gen),8 GB DDR3 RAM,64 bit Windows 10 Operating System,15.6 inch Display,38990,
Dell XPS 13 Core i5 6th Gen - (8 GB/256 GB SSD/Windows 10 Home) XPS 13 Thin and Light Laptop,Intel Core i5 Processor (6th Gen),8 GB DDR3 RAM,64 bit Windows 10 Operating System,13.3 inch Touchscreen Display,114990,
Acer Aspire APU Dual Core E1 1st Gen - (4 GB/1 TB HDD/Ubuntu) ES1-521-237Q Laptop,AMD APU Dual Core E1 Processor (1st Gen),4 GB DDR3 RAM,64 bit Linux/Ubuntu Operating System,15.5 inch Display,20299,
Lenovo Core i5 7th Gen - (8 GB/1 TB HDD/Windows 10 Home/4 GB Graphics) 510 Laptop,Intel Core i5 Processor (7th Gen),8 GB DDR4 RAM,64 bit Windows 10 Operating System,15.6 inch Display,59000,
HP Core i5 6th Gen - (4 GB/1 TB HDD/Windows 10 Home) 15-AY503TU Laptop,Intel Core i5 Processor (6th Gen),4 GB DDR4 RAM,64 bit Windows 10 Operating System,15.6 inch Display,41750,
MSI GS60 2PL Ghost Notebook (4th Gen Ci7/ 8GB/ 1TB/ Win8.1/ 2GB Graph),Intel Core i7 Processor (4th Gen),8 GB DDR3 RAM,64 bit Windows 8.1 Operating System,15.6 inch Display,109599,
Apple MacBook Pro Core i5 7th Gen - (8 GB/512 GB SSD/Mac OS Sierra) MPXW2HN/A,Intel Core i5 Processor (7th Gen),8 GB DDR3 RAM,64 bit Mac OS Operating System,13.3 inch Display,154999,
Lenovo G50 80 Core i5 5th Gen - (4 GB/1 TB HDD/DOS/2 GB Graphics) G50 80 Laptop,Intel Core i5 Processor (5th Gen),4 GB DDR3 RAM,DOS Operating System,15.6 inch Display,41000,
HP Core i5 7th Gen - (8 GB/1 TB HDD/Windows 10 Pro) 348 G4 Business Laptop,Intel Core i5 Processor (7th Gen),8 GB DDR4 RAM,64 bit Windows 10 Operating System,14 inch Display,59077,
HP Imprint Core i3 6th Gen - (8 GB/1 TB HDD/Windows 10 Home/2 GB Graphics) 15-BS580TX Laptop,Intel Core i3 Processor (6th Gen),8 GB DDR4 RAM,64 bit Windows 10 Operating System,15.6 inch Display,42199,
Apple Macbook Pro Core i5 - (4 GB/500 GB HDD/OS X Mavericks) A1278,Intel Core i5 Processor,4 GB DDR3 RAM,Mac OS Operating System,13.3 inch Display,94150,
Dell 3000 Core i3 4th Gen - (4 GB/500 GB HDD/Windows 10 Home/128 MB Graphics) Latitude 3460 Laptop,Intel Core i3 Processor (4th Gen),4 GB DDR3 RAM,64 bit Windows 10 Operating System,14.1 inch Touchscreen Display,34990,
Dell Inspiron Core i7 6th Gen - (16 GB/2 TB HDD/Windows 10 Home/4 GB Graphics) 5559 Laptop,Intel Core i7 Processor (6th Gen),16 GB DDR3 RAM,64 bit Windows 10 Operating System,15.6 inch Display,78990,
Apple MacBook Pro Core i5 - (8 GB/128 GB SSD/OS X Yosemite) MF839HN/A,Intel Core i5 Processor,8 GB DDR3 RAM,Mac OS Operating System,13.3 inch Display,104698,
AGB Octev Core i7 7th Gen - (8 GB/1 TB HDD/256 GB SSD/Windows 10/2 GB Graphics) AB-1210 Laptop,Intel Core i7 Processor (7th Gen),8 GB DDR4 RAM,64 bit Windows 10 Operating System,15.6 inch Display,78790,
AGB Tiara Core i7 7th Gen - (8 GB/1 TB HDD/256 GB SSD/Windows 10/2 GB Graphics) 1210-V Laptop,Intel Core i7 Processor (7th Gen),8 GB DDR4 RAM,64 bit Windows 10 Operating System,15.6 inch Display,87500,
HP Omen Core i7 7th Gen - (16 GB/1 TB HDD/128 GB SSD/Windows 10 Home/4 GB Graphics) 15-ce072TX Gaming ...,Intel Core i7 Processor (7th Gen),16 GB DDR4 RAM,64 bit Windows 10 Operating System,15.6 inch Display,119990,
Asus FX553 Core i7 7th Gen - (8 GB/1 TB HDD/128 GB SSD/DOS/4 GB Graphics) FX553VD-DM628 Gaming Laptop,Intel Core i7 Processor (7th Gen),8 GB DDR4 RAM,64 bit Linux/Ubuntu Operating System,15.6 inch Display,79990,
MSI Dominator Pro Core i7 4th Gen - (8 GB/1 TB HDD/Windows 8 Pro/8 GB Graphics) GT72 2QE Gaming Laptop,Intel Core i7 Processor (4th Gen),8 GB DDR3 RAM,64 bit Windows 8 Operating System,17.3 inch Display,205000,
MSI GT72 2QD Dominator Laptop (4th Gen Ci7/ 8GB/ 1TB/ Win8.1),Intel Core i7 Processor (4th Gen),8 GB DDR3 RAM,64 bit Windows 8.1 Operating System,17.13 inch Display,165000,
Dell Inspiron 5000 Core i7 6th Gen - (8 GB/1 TB HDD/Windows 10 Home/2 GB Graphics) 5559 Laptop,Intel Core i7 Processor (6th Gen),8 GB DDR3 RAM,64 bit Windows 10 Operating System,15.6 inch Display,59989,
MSI G Core i7 7th Gen - (8 GB/1 TB HDD/DOS/2 GB Graphics) GL62M 7RDX Gaming Laptop,Intel Core i7 Processor (7th Gen),8 GB DDR4 RAM,64 bit DOS Operating System,15.6 inch Display,76990,
HP Core i5 7th Gen - (8 GB/1 TB HDD/Windows 10 Home/4 GB Graphics) 15-au114TX Laptop,Intel Core i5 Processor (7th Gen),8 GB DDR4 RAM,64 bit Windows 10 Operating System,15.6 inch Display,61500,
Lenovo IdeaPad 300 Core i5 6th Gen - (4 GB/1 TB HDD/Windows 10 Home/2 GB Graphics) 300-15ISK Laptop,Intel Core i5 Processor (6th Gen),4 GB DDR3 RAM,64 bit Windows 10 Operating System,15.6 inch Display,48990,
MSI GL Core i7 7th Gen - (8 GB/1 TB HDD/DOS/2 GB Graphics) GL62M 7RC Gaming Laptop,Intel Core i7 Processor (7th Gen),8 GB DDR4 RAM,DOS Operating System,15.6 inch Display,69990,
Iball Atom Quad Core - (2 GB/32 GB HDD/32 GB SSD/Windows 8 Pro) WQ149 2 in 1 Laptop,Intel Atom Quad Core Processor,2 GB DDR3 RAM,64 bit Windows 8 Operating System,10.1 inch Touchscreen Display,14999,
Dell Inspiron 5000 Core i7 7th Gen - (8 GB/1 TB HDD/Windows 10 Home/4 GB Graphics) 5567 Laptop,Intel Core i7 Processor (7th Gen),8 GB DDR4 RAM,64 bit Windows 10 Operating System,15.6 inch Display,70499,
AGB Orion Core i7 7th Gen - (8 GB/500 GB HDD/256 GB SSD/Windows 10/2 GB Graphics) RA-3110 Gaming Lapto...,Intel Core i7 Processor (7th Gen),8 GB DDR4 RAM,64 bit Windows 10 Operating System,14 inch Display,79700,
MSI GL Series Core i7 7th Gen - (8 GB/1 TB HDD/Windows 10/4 GB Graphics) GL62 7RDX Laptop,Intel Core i7 Processor (7th Gen),8 GB DDR4 RAM,64 bit Windows 10 Operating System,15.6 inch Display,84990,
Acer Nitro 5 Core i5 7th Gen - (8 GB/1 TB HDD/Windows 10 Home/4 GB Graphics) AN515-51 Gaming Laptop,Intel Core i5 Processor (7th Gen),8 GB DDR4 RAM,64 bit Windows 10 Operating System,15.6 inch Display,72990,
HP Core i3 5th Gen - (8 GB/1 TB HDD/DOS/2 GB Graphics) 15-be003TX Laptop,Intel Core i3 Processor (5th Gen),8 GB DDR3 RAM,DOS Operating System,15.6 inch Display,36900,
Lenovo Core i5 5th Gen - (4 GB/500 GB HDD/Windows 8.1) 500 2 in 1 Laptop,Intel Core i5 Processor (5th Gen),4 GB DDR3 RAM,64 bit Windows 8 Operating System,14 inch Touchscreen Display,54990,
Dell Inspiron Core i5 7th Gen - (8 GB/1 TB HDD/Windows 10 Home/2 GB Graphics) 5567 Laptop,Intel Core i5 Processor (7th Gen),8 GB DDR4 RAM,64 bit Windows 10 Operating System,15.6 inch Display,59990,
HP NVIDIA GeForce 940MX Core i5 7th Gen - (8 GB/1 TB HDD/Windows 10 Home/2 GB Graphics) Pavilion 15 La...,Intel Core i5 Processor (7th Gen),8 GB DDR4 RAM,64 bit Windows 10 Operating System,15.6 inch Display,56999,
Acer E SERIES APU Quad Core A8 5th Gen - (4 GB/1 TB HDD/Linux) ES1-521 Laptop,AMD APU Quad Core A8 Processor (5th Gen),4 GB DDR3 RAM,64 bit Linux/Ubuntu Operating System,15.6 inch Display,23140,
Dell 5000 Core i5 7th Gen - (8 GB/1 TB HDD/Windows 10 Home) 5578 2 in 1 Laptop,Intel Core i5 Processor (7th Gen),8 GB DDR4 RAM,64 bit Windows 10 Operating System,15.6 inch Touchscreen Display,67900,
Dell 11 Celeron Dual Core 2nd Gen - (2 GB/500 GB HDD/Windows 8 Pro) 3000/3137C2500iS Business Laptop,Intel Celeron Dual Core Processor (2nd Gen),2 GB DDR3 RAM,64 bit Windows 8 Operating System,11.49 inch Touchscreen Display,24490,
Acer Aspire E Core i5 5th Gen - (4 GB/1 TB HDD/Linux) E5-573 Laptop,Intel Core i5 Processor (5th Gen),4 GB DDR3 RAM,Linux/Ubuntu Operating System,15.6 inch Display,38999,
Dell Vostro Core i3 5th Gen - (4 GB/1 TB HDD/Linux) 3558 Laptop,Intel Core i3 Processor (5th Gen),4 GB DDR3 RAM,64 bit Linux/Ubuntu Operating System,15.6 inch Display,31000,
Dell Inspiron 5000 Core i7 7th Gen - (8 GB/1 TB HDD/Windows 10 Home) 5378 2 in 1 Laptop,Intel Core i7 Processor (7th Gen),8 GB DDR4 RAM,64 bit Windows 10 Operating System,13.3 inch Touchscreen Display,79990,
Dell Inspiron Core i7 6th Gen - (8 GB/1 TB HDD/Windows 10 Home/2 GB Graphics) 5559 Laptop,Intel Core i7 Processor (6th Gen),8 GB DDR4 RAM,64 bit Windows 10 Operating System,15.6 inch Display,64990,
